<?xml version="1.0" encoding="UTF-8"?>
<beans xmlns="http://www.springframework.org/schema/beans"
	xmlns:xsi="http://www.w3.org/2001/XMLSchema-instance"
	xmlns:context="http://www.springframework.org/schema/context"
	xsi:schemaLocation="
        http://www.springframework.org/schema/beans http://www.springframework.org/schema/beans/spring-beans.xsd
        http://www.springframework.org/schema/context http://www.springframework.org/schema/context/spring-context.xsd"> <!-- bean definitions here -->
	<context:component-scan base-package="com.te" />
	<bean id="passport" class="assigntwospring.Passport">
	 
<property name="passNum" value="12345"/>
<property name="dateOfIssue" value="12/11/1997"/>
<property name="dateOfExpiry" value="12/11/2010"/>
</bean>

<bean id="employee" class="assigntwospring.Employee" autowire="byName">
<property name="empId" value="100"/>
<property name="empName" value="Karthick"/>
<property name="passObj" ref="passport"/>

</bean>
</beans>

