<?xml version="1.0" encoding="UTF-8"?>
<beans xmlns="http://www.springframework.org/schema/beans"
	xmlns:xsi="http://www.w3.org/2001/XMLSchema-instance"
	xmlns:context="http://www.springframework.org/schema/context"
	xsi:schemaLocation="
        http://www.springframework.org/schema/beans http://www.springframework.org/schema/beans/spring-beans.xsd
        http://www.springframework.org/schema/context http://www.springframework.org/schema/context/spring-context.xsd"> <!-- bean definitions here -->
	<context:component-scan base-package="com.te" />

	<bean id="customer" class="com.te.assignone.ioc.Customer">
		<property name="custId" value="500" />
		<property name="custName" value="Karthick" />
		<property name="emailId" value="karthick.karthick@gmail.com" />
		<property name="contactNumber" value="9094932678" />
	</bean>
	<bean id="memberone" class="com.te.assignone.ioc.Membership" autowire="byName">
		<property name="membershipId" value="100" />
		<property name="membershipType" value="premium" />
		<property name="visitsPerYear" value="150" />
		<property name="customer" ref="customer" />

	</bean>


</beans>